variable_name,base_variable,source_group,variable_label,data_type,non_missing_n,missing_n,distinct_non_missing_n,value_range,coded_values_from_label,observed_values_summary,questionnaire_file,questionnaire_page,questionnaire_match_mode,questionnaire_snippet,interpretation_flag
AGEMENO_GROUP,AGEMENO_GROUP,merged_variable,绝经年龄分组;1≤45；2=46~50；3≥51；9=不详,numeric,1308,1848,4,1 ~ 9,2=46~50 | 9=不详,2 (n=545) | 3 (n=457) | 1 (n=234) | 9 (n=72),,,,,manual_review_recommended
AgeMeno,AgeMeno,merged_variable,绝经年龄：96=还没有绝经；99=已经绝经，但绝经年龄不详,numeric,3156,0,36,22 ~ 99,96=还没有绝经 | 99=已经绝经,96 (n=1792) | 50 (n=166) | 49 (n=138) | 99 (n=128) | 51 (n=124) | 52 (n=118) | 48 (n=111) | 53 (n=85) | 47 (n=67) | 46 (n=63),,,,,manual_review_recommended
B10C1_new,B10C1,new_only_variable,是    1    →    妇科疾病名称：b10c1,character,40,3116,20,,,子宫肌瘤 (n=9) | 子宫内膜异位 (n=4) | 子宫后倾 (n=4) | 子宫内膜异位症 (n=3) | 宫颈炎 (n=3) | 卵巢囊肿 (n=2) | 子宫后位 (n=2) | 不记得 (n=1) | 内膜异位 (n=1) | 剖腹产后引起肠粘连 (n=1),,,,,manual_review_recommended
B10D4_new,B10D4,new_only_variable,自然停止 =     1    医疗停止   = 3           b10d4其它(请注明),character,64,3092,27,,,性生活 (n=25) | 子宫切除 (n=6) | 停经 (n=4) | 绝经 (n=4) | 子宫肌瘤剔除 (n=2) | 闭经 (n=2) | 上环 (n=1) | 不明 (n=1) | 中药 (n=1) | 中药调理 (n=1),,,,,manual_review_recommended
B1A1_new,B1A1,new_only_variable,小于等于15岁    b1a1 X光 代码,numeric,1354,1802,7,1 ~ 8,,1 (n=1103) | 2 (n=153) | 3 (n=45) | 8 (n=28) | 4 (n=20) | 5 (n=3) | 6 (n=2),,,,,manual_review_recommended
B1A2_new,B1A2,new_only_variable,16-20岁         b1a2 X光 代码,numeric,1352,1804,6,1 ~ 8,,1 (n=937) | 2 (n=280) | 3 (n=90) | 4 (n=26) | 8 (n=16) | 5 (n=3),,,,,manual_review_recommended
B1A3_new,B1A3,new_only_variable,21岁－距今两年前b1a3 X光 代码,numeric,1355,1801,7,1 ~ 8,,1 (n=377) | 6 (n=291) | 4 (n=214) | 2 (n=212) | 3 (n=150) | 5 (n=100) | 8 (n=11),,,,,manual_review_recommended
B1B1_new,B1B1,new_only_variable,b1b1 CT次数 代码,numeric,1350,1806,2,1 ~ 8,,1 (n=1346) | 8 (n=4),,,,,manual_review_recommended
B1B2_new,B1B2,new_only_variable,b1b2 CT次数 代码,numeric,1349,1807,4,1 ~ 8,,1 (n=1335) | 2 (n=9) | 8 (n=4) | 6 (n=1),,,,,manual_review_recommended
B1B3_new,B1B3,new_only_variable,b1b3 CT次数 代码,numeric,1351,1805,7,1 ~ 8,,1 (n=1064) | 2 (n=235) | 3 (n=29) | 4 (n=11) | 8 (n=8) | 5 (n=2) | 6 (n=2),,,,,manual_review_recommended
B1C1_new,B1C1,new_only_variable,b1c1 MRI次数 代码,numeric,1349,1807,2,1 ~ 8,,1 (n=1345) | 8 (n=4),,,,,manual_review_recommended
B1C2_new,B1C2,new_only_variable,b1c2 MRI次数 代码,numeric,1348,1808,3,1 ~ 8,,1 (n=1343) | 8 (n=4) | 2 (n=1),,,,,manual_review_recommended
B1C3_new,B1C3,new_only_variable,b1c3 MRI次数 代码,numeric,1350,1806,6,1 ~ 8,,1 (n=1247) | 2 (n=88) | 3 (n=6) | 4 (n=4) | 8 (n=4) | 5 (n=1),,,,,manual_review_recommended
B2A4_new,B2A4,new_only_variable,B2A4    4.增生（具体不祥）,numeric,1404,1752,2,1 ~ 2,,2 (n=1121) | 1 (n=283),,,,,manual_review_recommended
B2A8,B2A8,merged_variable,B2A8    8.其它1,character,1439,1717,65,,,NO (n=1336) | 乳腺癌 (n=16) | 乳腺炎 (n=6) | 右乳肿物 (n=6) | 纤维腺瘤 (n=4) | 结节 (n=3) | 乳头溢液 (n=2) | 乳头状瘤 (n=2) | 乳腺增生 (n=2) | 乳腺结节 (n=2),,,,,manual_review_recommended
B2A9_new,B2A9,new_only_variable,B2A9    9.其它2,character,1394,1762,3,,,NO (n=1392) | 浆液性乳腺炎 (n=1) | 纤维腺瘤 (n=1),,,,,manual_review_recommended
B2CA11_new,B2CA11,new_only_variable,11. 其它 b2ca11,character,1063,2093,6,,,NO (n=1058) | 保健乳房紧实膏 (n=1) | 游泳后用 (n=1) | 精油 (n=1) | 羊胎素 (n=1) | 除臭剂 (n=1),,,,,manual_review_recommended
B2CAGE_old,B2CAGE,old_only_variable,是    1    →首次隆胸年龄B2Cage,numeric,0,3156,0,,,all_missing,,,,,manual_review_recommended
B2CE10_new,B2CE10,new_only_variable,月数   b2ce10使用频率 代码,numeric,190,2966,4,1 ~ 4,,4 (n=71) | 3 (n=66) | 2 (n=44) | 1 (n=9),,,,,manual_review_recommended
B2CE11_new,B2CE11,new_only_variable,月数    b2ce11使用频率 代码,numeric,5,3151,4,1 ~ 4,,1 (n=2) | 2 (n=1) | 3 (n=1) | 4 (n=1),,,,,manual_review_recommended
B2CE1_new,B2CE1,new_only_variable,月数    b2ce1使用频率 代码,numeric,767,2389,4,1 ~ 4,,1 (n=502) | 2 (n=221) | 3 (n=34) | 4 (n=10),,,,,manual_review_recommended
B2CE2_new,B2CE2,new_only_variable,月数    b2ce2使用频率 代码,numeric,77,3079,4,1 ~ 4,,1 (n=25) | 2 (n=20) | 4 (n=17) | 3 (n=15),,,,,manual_review_recommended
B2CE3_new,B2CE3,new_only_variable,月数    b2ce3使用频率 代码,numeric,203,2953,4,1 ~ 4,,1 (n=84) | 2 (n=72) | 3 (n=32) | 4 (n=15),,,,,manual_review_recommended
B2CE4_new,B2CE4,new_only_variable,月数    b2ce4使用频率 代码,numeric,90,3066,4,1 ~ 4,,1 (n=48) | 2 (n=19) | 3 (n=13) | 4 (n=10),,,,,manual_review_recommended
B2CE5_new,B2CE5,new_only_variable,月数    b2ce5使用频率 代码,numeric,37,3119,4,1 ~ 4,,1 (n=15) | 2 (n=8) | 4 (n=8) | 3 (n=6),,,,,manual_review_recommended
B2CE6_new,B2CE6,new_only_variable,月数    b2ce6使用频率 代码,numeric,103,3053,4,1 ~ 4,,4 (n=31) | 2 (n=27) | 3 (n=27) | 1 (n=18),,,,,manual_review_recommended
B2CE7_new,B2CE7,new_only_variable,月数    b2ce7使用频率 代码,numeric,64,3092,4,1 ~ 4,,1 (n=21) | 2 (n=21) | 3 (n=16) | 4 (n=6),,,,,manual_review_recommended
B2CE8_new,B2CE8,new_only_variable,月数    b2ce8使用频率 代码,numeric,7,3149,2,1 ~ 4,,4 (n=4) | 1 (n=3),,,,,manual_review_recommended
B2CE9_new,B2CE9,new_only_variable,月数    b2ce9使用频率 代码,numeric,56,3100,4,1 ~ 4,,4 (n=38) | 3 (n=7) | 2 (n=6) | 1 (n=5),,,,,manual_review_recommended
B3B1,B3B1,merged_variable,B3B1,numeric,543,2613,53,8 ~ 998,,40 (n=34) | 45 (n=32) | 42 (n=30) | 47 (n=29) | 48 (n=29) | 35 (n=27) | 43 (n=24) | 50 (n=23) | 46 (n=22) | 36 (n=21),,,,,manual_review_recommended
B3B2_new,B3B2,new_only_variable,B3B2,numeric,36,3120,24,0 ~ 66,,0 (n=4) | 46 (n=4) | 35 (n=3) | 48 (n=3) | 38 (n=2) | 44 (n=2) | 19 (n=1) | 21 (n=1) | 23 (n=1) | 25 (n=1),,,,,manual_review_recommended
B3B3_new,B3B3,new_only_variable,B3B3,numeric,3,3153,3,31 ~ 55,,31 (n=1) | 51 (n=1) | 55 (n=1),,,,,manual_review_recommended
B3C1_new,B3C1,new_only_variable,岁    b3c1（恶性“1”；良性“2”；不祥“3”）代码,numeric,336,2820,3,1 ~ 3,,2 (n=319) | 3 (n=10) | 1 (n=7),,,,,manual_review_recommended
B3C2_new,B3C2,new_only_variable,岁    b3c2（恶性“1”；良性“2”；不祥“3”）代码,numeric,30,3126,3,1 ~ 3,,2 (n=28) | 1 (n=1) | 3 (n=1),,,,,manual_review_recommended
B3C3_new,B3C3,new_only_variable,岁    b3c3（恶性“1”；良性“2”；不祥“3”）代码,numeric,3,3153,1,2 ~ 2,,2 (n=3),,,,,manual_review_recommended
B4A18,B4A18,merged_variable,b4a18    18.其它（请注明）：,character,1539,1617,251,,,NO (n=1116) | 乙肝 (n=20) | 甲亢 (n=13) | 小三阳 (n=10) | 胆息肉 (n=9) | 低血压 (n=7) | 尿道炎 (n=6) | 痔疮 (n=6) | 脂肪肝 (n=6) | 腰椎间盘突出 (n=6),,,,,manual_review_recommended
B4A19_new,B4A19,new_only_variable,b4a19    19.其它（请注明）：,character,1396,1760,54,,,NO (n=1334) | 尿道炎 (n=3) | 中耳炎 (n=2) | 乙肝 (n=2) | 卵巢巧克力囊肿 (n=2) | 椎间盘突出 (n=2) | 甲状腺结节 (n=2) | 脂肪肝 (n=2) | 腰椎间盘突出 (n=2) | 2型糖尿病 (n=1),,,,,manual_review_recommended
B4A20_new,B4A20,new_only_variable,b4a20    20.其它（请注明）：,character,343,2813,8,,,NO (n=333) | 小三阳 (n=4) | 大三阳 (n=1) | 急性病毒性肝炎（左耳聋，45岁） (n=1) | 结节性甲状腺肿（乙肝，58岁） (n=1) | 锁骨断裂，小腿截断 (n=1) | 颈椎弯曲 (n=1) | 骨质疏松 (n=1),,,,,manual_review_recommended
B4B12_new,B4B12,new_only_variable,（是＝1，否＝2，不祥＝3）    b4b12,numeric,120,3036,47,5 ~ 77,,30 (n=11) | 20 (n=9) | 18 (n=7) | 35 (n=7) | 10 (n=5) | 25 (n=5) | 34 (n=5) | 40 (n=5) | 12 (n=3) | 15 (n=3),,,,,manual_review_recommended
B4B13_new,B4B13,new_only_variable,（是＝1，否＝2，不祥＝3）   b4b13,numeric,177,2979,45,5 ~ 77,,25 (n=18) | 30 (n=16) | 35 (n=16) | 20 (n=15) | 40 (n=12) | 24 (n=6) | 18 (n=5) | 10 (n=4) | 37 (n=4) | 42 (n=4),,,,,manual_review_recommended
B4B14_new,B4B14,new_only_variable,（是＝1，否＝2，不祥＝3）   b4b14,numeric,38,3118,29,5 ~ 77,,8 (n=3) | 15 (n=2) | 16 (n=2) | 20 (n=2) | 24 (n=2) | 25 (n=2) | 6 (n=2) | 7 (n=2) | 10 (n=1) | 11 (n=1),,,,,manual_review_recommended
B4B15_new,B4B15,new_only_variable,（是＝1，否＝2，不祥＝3）    b4b15,numeric,26,3130,20,0 ~ 77,,50 (n=3) | 20 (n=2) | 30 (n=2) | 53 (n=2) | 8 (n=2) | 0 (n=1) | 18 (n=1) | 28 (n=1) | 34 (n=1) | 35 (n=1),,,,,manual_review_recommended
B4B16_new,B4B16,new_only_variable,（是＝1，否＝2，不祥＝3）   b4b16,numeric,25,3131,21,1 ~ 68,,19 (n=2) | 21 (n=2) | 25 (n=2) | 28 (n=2) | 1 (n=1) | 15 (n=1) | 16 (n=1) | 17 (n=1) | 2 (n=1) | 20 (n=1),,,,,manual_review_recommended
B4B17_new,B4B17,new_only_variable,（是＝1，否＝2，不祥＝3）    b4b17,numeric,334,2822,30,10 ~ 99,,15 (n=59) | 16 (n=43) | 17 (n=41) | 18 (n=41) | 13 (n=26) | 14 (n=25) | 20 (n=18) | 19 (n=11) | 12 (n=8) | 22 (n=8),,,,,manual_review_recommended
B4B18_new,B4B18,new_only_variable,B4B18,numeric,248,2908,66,0 ~ 99,,40 (n=17) | 32 (n=11) | 20 (n=9) | 23 (n=8) | 46 (n=8) | 30 (n=7) | 43 (n=7) | 50 (n=7) | 18 (n=6) | 27 (n=6),,,,,manual_review_recommended
B4B19_new,B4B19,new_only_variable,B4B19,numeric,55,3101,33,5 ~ 70,,15 (n=4) | 30 (n=4) | 32 (n=3) | 45 (n=3) | 46 (n=3) | 50 (n=3) | 24 (n=2) | 25 (n=2) | 40 (n=2) | 48 (n=2),,,,,manual_review_recommended
B4B20_new,B4B20,new_only_variable,B4B20,numeric,7,3149,7,0 ~ 69,,0 (n=1) | 15 (n=1) | 27 (n=1) | 45 (n=1) | 51 (n=1) | 58 (n=1) | 69 (n=1),,,,,manual_review_recommended
B4B9_new,B4B9,new_only_variable,（是＝1，否＝2，不祥＝3）    b4b9,numeric,29,3127,21,2 ~ 66,,40 (n=3) | 11 (n=2) | 21 (n=2) | 22 (n=2) | 5 (n=2) | 52 (n=2) | 66 (n=2) | 15 (n=1) | 2 (n=1) | 28 (n=1),,,,,manual_review_recommended
B6CE_new,B6CE,new_only_variable,流感疫苗    a    破伤风疫苗    c    其它（请注明）b6ce,character,20,3136,15,,,不详 (n=3) | 卡介苗 (n=3) | 甲肝 (n=2) | H1N1疫苗 (n=1) | NO (n=1) | 不祥 (n=1) | 乙脑疫苗 (n=1) | 免疫球蛋白 (n=1) | 冻肝疫苗 (n=1) | 子宫肌瘤 (n=1),,,,,manual_review_recommended
B9E_old,B9E,old_only_variable,a. 经常下腹胀痛    b. 多饮多食多尿    c. 头晕眼花    d. 关节痛    B9ee. 其它,character,18,3138,10,,,失眠 (n=3) | 头痛 (n=3) | 腰痛 (n=3) | 喉咙痛 (n=2) | 颈椎病 (n=2) | 1 (n=1) | 偏头疼 (n=1) | 疲劳 (n=1) | 颈椎增生 (n=1) | 骨头软，无力 (n=1),,,,,manual_review_recommended
BCHistory,BCHistory,merged_variable,乳腺癌家族史：1=无；2=有；9=不详,numeric,3156,0,3,1 ~ 9,1=无 | 2=有 | 9=不详,1 (n=2960) | 2 (n=99) | 9 (n=97),,,,,manual_review_recommended
BMI_group,BMI_group,merged_variable,BMI:1:<23; 2:23~; 3:25~ ; 9=不详,numeric,3156,0,4,1 ~ 9,1=<23 | 2=23~ | 3=25~ | 9=不详,1 (n=1690) | 3 (n=732) | 2 (n=610) | 9 (n=124),,,,,manual_review_recommended
Breastfeeding,Breastfeeding,merged_variable,哺乳史:0=无；1=有；9=不详,numeric,3156,0,3,0 ~ 9,0=无 | 1=有 | 9=不详,1 (n=2402) | 0 (n=521) | 9 (n=233),,,,,manual_review_recommended
C10B1,C10B1,merged_variable,c10b1 妊娠结局代码,numeric,2787,369,7,1 ~ 8,,1 (n=2315) | 2 (n=355) | 3 (n=88) | 4 (n=16) | 5 (n=7) | 8 (n=5) | 7 (n=1),,,,,manual_review_recommended
C10B10_new,C10B10,new_only_variable,c10b10 妊娠结局代码,numeric,3,3153,1,2 ~ 2,,2 (n=3),,,,,manual_review_recommended
C10B2,C10B2,merged_variable,c10b2 妊娠结局代码,numeric,2233,923,7,1 ~ 8,,1 (n=1309) | 2 (n=838) | 3 (n=56) | 4 (n=12) | 8 (n=10) | 5 (n=7) | 7 (n=1),,,,,manual_review_recommended
C10B3,C10B3,merged_variable,c10b3 妊娠结局代码,numeric,1370,1786,7,1 ~ 8,,2 (n=659) | 1 (n=629) | 3 (n=56) | 5 (n=11) | 8 (n=7) | 4 (n=4) | 7 (n=4),,,,,manual_review_recommended
C10B4,C10B4,merged_variable,c10b4 妊娠结局代码,numeric,678,2478,7,1 ~ 8,,2 (n=329) | 1 (n=300) | 3 (n=30) | 5 (n=7) | 8 (n=6) | 4 (n=4) | 7 (n=2),,,,,manual_review_recommended
C10B5,C10B5,merged_variable,c10b5 妊娠结局代码,numeric,273,2883,7,1 ~ 8,,2 (n=142) | 1 (n=112) | 3 (n=11) | 8 (n=3) | 4 (n=2) | 5 (n=2) | 7 (n=1),,,,,manual_review_recommended
C10B6,C10B6,merged_variable,c10b6 妊娠结局代码,numeric,89,3067,6,1 ~ 8,,1 (n=42) | 2 (n=36) | 3 (n=7) | 8 (n=2) | 4 (n=1) | 7 (n=1),,,,,manual_review_recommended
C10B7,C10B7,merged_variable,c10b7 妊娠结局代码,numeric,32,3124,3,1 ~ 3,,2 (n=18) | 1 (n=10) | 3 (n=4),,,,,manual_review_recommended
C10B8,C10B8,merged_variable,c10b8 妊娠结局代码,numeric,11,3145,3,1 ~ 3,,2 (n=8) | 1 (n=2) | 3 (n=1),,,,,manual_review_recommended
C10B9,C10B9,merged_variable,c10b9 妊娠结局代码,numeric,7,3149,2,1 ~ 2,,2 (n=6) | 1 (n=1),,,,,manual_review_recommended
C10G1,C10G1,merged_variable,(左=1， 右=2 ，双侧＝3 ，不祥＝8)    c10g1    不哺乳或哺乳少于6个月的原因,numeric,435,2721,4,1 ~ 6,,1 (n=250) | 6 (n=105) | 2 (n=53) | 3 (n=27),,,,,manual_review_recommended
C10G10_new,C10G10,new_only_variable,(左=1， 右=2 ，双侧＝3 ，不祥＝8)    c10g10    不哺乳或哺乳少于6个月的原因,numeric,0,3156,0,,,all_missing,,,,,manual_review_recommended
C10G2,C10G2,merged_variable,(左=1， 右=2 ，双侧＝3 ，不祥＝8)    c10g2    不哺乳或哺乳少于6个月的原因,numeric,207,2949,4,1 ~ 6,,1 (n=103) | 6 (n=60) | 2 (n=22) | 3 (n=22),,,,,manual_review_recommended
C10G3,C10G3,merged_variable,(左=1， 右=2 ，双侧＝3 ，不祥＝8)    c10g3    不哺乳或哺乳少于6个月的原因,numeric,94,3062,4,1 ~ 6,,1 (n=49) | 6 (n=32) | 2 (n=9) | 3 (n=4),,,,,manual_review_recommended
C10G4,C10G4,merged_variable,(左=1， 右=2 ，双侧＝3 ，不祥＝8)    c10g4    不哺乳或哺乳少于6个月的原因,numeric,44,3112,4,1 ~ 6,,1 (n=24) | 6 (n=11) | 3 (n=6) | 2 (n=3),,,,,manual_review_recommended
C10G5,C10G5,merged_variable,(左=1， 右=2 ，双侧＝3 ，不祥＝8)    c10g5    不哺乳或哺乳少于6个月的原因,numeric,17,3139,4,1 ~ 6,,1 (n=8) | 2 (n=3) | 3 (n=3) | 6 (n=3),,,,,manual_review_recommended
C10G6,C10G6,merged_variable,(左=1， 右=2 ，双侧＝3 ，不祥＝8)    c10g6    不哺乳或哺乳少于6个月的原因,numeric,5,3151,2,1 ~ 6,,6 (n=4) | 1 (n=1),,,,,manual_review_recommended
C10G7,C10G7,merged_variable,(左=1， 右=2 ，双侧＝3 ，不祥＝8)    c10g7    不哺乳或哺乳少于6个月的原因,numeric,2,3154,2,1 ~ 2,,1 (n=1) | 2 (n=1),,,,,manual_review_recommended
C10G8,C10G8,merged_variable,(左=1， 右=2 ，双侧＝3 ，不祥＝8)    c10g8    不哺乳或哺乳少于6个月的原因,numeric,1,3155,1,1 ~ 1,,1 (n=1),,,,,manual_review_recommended
C10G9,C10G9,merged_variable,(左=1， 右=2 ，双侧＝3 ，不祥＝8)    c10g9    不哺乳或哺乳少于6个月的原因,numeric,0,3156,0,,,all_missing,,,,,manual_review_recommended
C4A7,C4A7,merged_variable,c4a7    7.其它1（请注明手术名称）：,character,1597,1559,125,,,NO (n=1295) | 阑尾炎 (n=33) | 阑尾切除 (n=22) | 剖宫术 (n=21) | 阑尾炎切除 (n=15) | 宫外孕 (n=14) | 阑尾切除术 (n=10) | 子宫肌瘤剔除 (n=7) | 剖腹产 (n=6) | 子宫剔除 (n=6),,,,,manual_review_recommended
C4A8_new,C4A8,new_only_variable,c4a8    8.其它2（请注明手术名称）：,character,1395,1761,14,,,NO (n=1382) | 剖腹产 (n=1) | 卵巢畸胎瘤剔除 (n=1) | 右侧附件切除术 (n=1) | 右肾引流 (n=1) | 右边输卵管保留 (n=1) | 子宫息肉切除 (n=1) | 宫外孕手术 (n=1) | 盲肠切除 (n=1) | 盲肠炎 (n=1),,,,,manual_review_recommended
C4A9_new,C4A9,new_only_variable,c4a9    9.其它3（请注明手术名称）：,character,1379,1777,2,,,NO (n=1378) | 尺疝 (n=1),,,,,manual_review_recommended
C4C2,C4C2,merged_variable,C4C2,numeric,158,2998,30,1975 ~ 2011,,2000 (n=17) | 2007 (n=16) | 1990 (n=10) | 2008 (n=10) | 2009 (n=10) | 2002 (n=8) | 1997 (n=7) | 1999 (n=7) | 1994 (n=6) | 2003 (n=6),,,,,manual_review_recommended
C4C3,C4C3,merged_variable,C4C3,numeric,33,3123,23,2 ~ 1999,,24 (n=3) | 1987 (n=2) | 199 (n=2) | 1995 (n=2) | 1997 (n=2) | 2 (n=2) | 23 (n=2) | 26 (n=2) | 27 (n=2) | 1961 (n=1),,,,,manual_review_recommended
C4C4,C4C4,merged_variable,C4C4,numeric,9,3147,8,1974 ~ 2009,,2000 (n=2) | 1974 (n=1) | 1997 (n=1) | 2001 (n=1) | 2003 (n=1) | 2007 (n=1) | 2008 (n=1) | 2009 (n=1),,,,,manual_review_recommended
C4C5,C4C5,merged_variable,C4C5,numeric,564,2592,47,2 ~ 1999,,1983 (n=36) | 1996 (n=28) | 1999 (n=26) | 1984 (n=25) | 1997 (n=25) | 1998 (n=24) | 198 (n=22) | 1989 (n=22) | 21 (n=21) | 1991 (n=19),,,,,manual_review_recommended
C4C6,C4C6,merged_variable,C4C6,numeric,451,2705,41,2 ~ 1999,,1997 (n=26) | 21 (n=25) | 24 (n=22) | 27 (n=22) | 1996 (n=20) | 2 (n=20) | 22 (n=20) | 23 (n=20) | 1989 (n=18) | 25 (n=18),,,,,manual_review_recommended
C4C7,C4C7,merged_variable,C4C7,numeric,295,2861,47,1958 ~ 2011,,2005 (n=17) | 2008 (n=17) | 2004 (n=15) | 2001 (n=14) | 2009 (n=14) | 2000 (n=12) | 1999 (n=11) | 2007 (n=11) | 1992 (n=10) | 1996 (n=10),,,,,manual_review_recommended
C4C8_new,C4C8,new_only_variable,C4C8,numeric,13,3143,11,1964 ~ 2008,,1999 (n=2) | 2004 (n=2) | 1964 (n=1) | 1975 (n=1) | 1983 (n=1) | 2001 (n=1) | 2002 (n=1) | 2005 (n=1) | 2006 (n=1) | 2007 (n=1) | 2008 (n=1),,,,,manual_review_recommended
C4C9_new,C4C9,new_only_variable,C4C9,numeric,1,3155,1,1999 ~ 1999,,1999 (n=1),,,,,manual_review_recommended
C5B4_new,C5B4,new_only_variable,子宫或卵巢切除       2    其它(请注明)c5b4,character,9,3147,8,,,化疗 (n=2) | 吃米非司酮 (n=1) | 子宫肌瘤术 (n=1) | 宫内膜结核 (n=1) | 引产后没有 (n=1) | 激素失调 (n=1) | 甲状腺切除 (n=1) | 脑垂体腺瘤 (n=1),,,,,manual_review_recommended
D1A8,D1A8,merged_variable,d1a8    8 其它（请注明）,character,1353,1803,18,,,NO (n=1323) | 体外射精 (n=4) | 夫结扎 (n=4) | 外用避孕药 (n=3) | 药膜 (n=3) | 丈夫结扎 (n=2) | 结扎 (n=2) | 药扎 (n=2) | 内阴置物 (n=1) | 埋植 (n=1),,,,,manual_review_recommended
EDUCATION_GROUP,EDUCATION_GROUP,merged_variable,教育程度分组：1=初中及以下；2=中专或高中；3=大专及以上；9=不详,numeric,3156,0,4,1 ~ 9,1=初中及以下 | 2=中专或高中 | 3=大专及以上 | 9=不详,1 (n=1332) | 2 (n=980) | 3 (n=725) | 9 (n=119),,,,,manual_review_recommended
Education,Education,merged_variable,教育程度：1=未受过正规教育；2=小学；3=初中；4=高中中专；5=大专；6=大学及以上；99=不详,numeric,3022,134,8,1 ~ 99,1=未受过正规教育 | 2=小学 | 3=初中 | 4=高中中专 | 5=大专 | 6=大学及以上 | 99=不详,4 (n=965) | 3 (n=754) | 2 (n=440) | 5 (n=396) | 6 (n=321) | 1 (n=117) | 99 (n=25) | 8 (n=4),,,,,manual_review_recommended
F15A,F15A,merged_variable,F15a    螺及其它贝壳类  频率,numeric,2460,696,5,1 ~ 5,,4 (n=1036) | 5 (n=973) | 3 (n=375) | 2 (n=72) | 1 (n=4),,,,,manual_review_recommended
F30BA_old,F30BA,old_only_variable,F30ba,numeric,165,2991,4,1 ~ 4,,4 (n=113) | 3 (n=40) | 2 (n=9) | 1 (n=3),,,,,manual_review_recommended
F30BB_old,F30BB,old_only_variable,F30bb,numeric,165,2991,4,1 ~ 9,,1 (n=88) | 3 (n=36) | 2 (n=22) | 9 (n=19),,,,,manual_review_recommended
F30CA_old,F30CA,old_only_variable,F30ca,numeric,165,2991,4,1 ~ 4,,4 (n=91) | 3 (n=56) | 2 (n=17) | 1 (n=1),,,,,manual_review_recommended
F30CB_old,F30CB,old_only_variable,F30cb,numeric,165,2991,5,1 ~ 9,,1 (n=71) | 3 (n=45) | 2 (n=35) | 9 (n=13) | 5 (n=1),,,,,manual_review_recommended
F32J,F32J,merged_variable,潮汕口味     c        东北菜     g             F32j其它(请注明),character,81,3075,35,,,客家菜 (n=23) | 海南菜 (n=10) | 江西菜 (n=5) | 江西口味 (n=4) | 清淡 (n=3) | 北方菜 (n=2) | 广西菜 (n=2) | 恩平菜 (n=2) | 海南口味 (n=2) | 福建菜 (n=2),,,,,manual_review_recommended
F33G,F33G,merged_variable,菜油          a    玉米油        d    F33g其它(请注明),character,362,2794,58,,,植物油 (n=144) | 橄榄油 (n=69) | 葵花油 (n=30) | 葵花籽油 (n=17) | 茶油 (n=14) | 动物油和植物油各半 (n=11) | 菜籽油 (n=9) | 调和油 (n=8) | 橄榄油，葵花籽油 (n=4) | 茶籽油 (n=4),,,,,manual_review_recommended
F35A,F35A,merged_variable,是        1    →   F35a 频率,numeric,434,2722,8,1 ~ 14,,1 (n=290) | 2 (n=92) | 3 (n=24) | 7 (n=11) | 5 (n=9) | 4 (n=4) | 14 (n=2) | 8 (n=2),,,,,manual_review_recommended
F36,F36,merged_variable,F36 您有其他方面的饮食嗜好吗：1=是；2=否,numeric,2208,948,2,1 ~ 2,1=是 | 2=否,2 (n=2021) | 1 (n=187),,,,,manual_review_recommended
F38A_new,F38A,new_only_variable,是        1    →    F38a频率,numeric,936,2220,12,1 ~ 14,,2 (n=305) | 1 (n=244) | 3 (n=157) | 4 (n=76) | 7 (n=63) | 6 (n=29) | 5 (n=28) | 14 (n=18) | 10 (n=7) | 12 (n=4) | 8 (n=4) | 9 (n=1),,,,,manual_review_recommended
F39A_new,F39A,new_only_variable,是        1    →    F39a频率,numeric,412,2744,14,0.5 ~ 30,,1 (n=172) | 2 (n=120) | 3 (n=42) | 4 (n=42) | 5 (n=8) | 8 (n=8) | 10 (n=7) | 6 (n=5) | 30 (n=3) | 0.5 (n=1),,,,,manual_review_recommended
F39B_new,F39B,new_only_variable,次/月    →最常喝的凉茶名称    F39b,character,357,2799,92,,,王老吉 (n=64) | 夏枯草 (n=39) | 五花茶 (n=30) | 夏桑菊 (n=26) | 不详 (n=15) | 板蓝根 (n=15) | 金银花 (n=12) | 菊花 (n=10) | 广东凉茶 (n=9) | 祛湿茶 (n=9),,,,,manual_review_recommended
FTREATE_new,FTREATE,new_only_variable,手术开放性 a    化疗        c  FTreate 其它治疗：,character,11,3145,10,,,吃中药 (n=2) | 20080808 (n=1) | TAC化疗 (n=1) | 左乳穿刺术 (n=1) | 左乳肿块切除术 (n=1) | 微创 (n=1) | 微创手术 (n=1) | 微创活检术 (n=1) | 肿物切除术 (n=1) | 门诊化疗 (n=1),,,,,manual_review_recommended
G14GO_new,G14GO,new_only_variable,G14g.G14go其他,character,4,3152,3,,,NO (n=2) | 白兰地 (n=1) | 红酒 (n=1),,,,,manual_review_recommended
G14G_new,G14G,new_only_variable,G14G,numeric,2,3154,2,0.5 ~ 1.5,,0.5 (n=1) | 1.5 (n=1),,,,,manual_review_recommended
G19A,G19A,merged_variable,乌龙茶(如铁观音)   3     G19a其它（请注明）,character,282,2874,82,,,普洱 (n=84) | 铁观音 (n=32) | 3+6 (n=17) | 1+3 (n=8) | 各种 (n=7) | 2 (n=6) | 2+6 (n=6) | 花茶 (n=6) | 凤凰茶 (n=5) | 黑茶 (n=5),,,,,manual_review_recommended
G26E,G26E,merged_variable,白参                a    西洋参    c    G26e其它(请注明)e,character,42,3114,11,,,花旗参 (n=23) | 高丽参 (n=9) | 党参 (n=2) | NO (n=1) | 丹参 (n=1) | 凉参 (n=1) | 太子参 (n=1) | 新虎向参 (n=1) | 灵芝 (n=1) | 花旗参丹参 (n=1) | 非河参 (n=1),,,,,manual_review_recommended
G8A,G8A,merged_variable,有    1    →    G8a频率：,numeric,803,2353,7,1 ~ 7,,5 (n=295) | 7 (n=250) | 6 (n=110) | 2 (n=55) | 3 (n=34) | 1 (n=32) | 4 (n=27),,,,,manual_review_recommended
G8B,G8B,merged_variable,天/周  →    G8b时间：,numeric,789,2367,44,1 ~ 720,,15 (n=180) | 30 (n=165) | 60 (n=90) | 120 (n=59) | 20 (n=53) | 5 (n=45) | 10 (n=37) | 180 (n=22) | 240 (n=19) | 300 (n=18),,,,,manual_review_recommended
G8C_new,G8C,new_only_variable,岁开始接触 →    G8cc接触多少年？,numeric,417,2739,48,0.2 ~ 50,,10 (n=60) | 20 (n=50) | 30 (n=27) | 15 (n=20) | 4 (n=20) | 6 (n=20) | 5 (n=19) | 2 (n=15) | 8 (n=15) | 3 (n=13),,,,,manual_review_recommended
G8D_new,G8D,new_only_variable,分钟/天 →G8dd从,numeric,187,2969,34,15 ~ 61,,20 (n=21) | 18 (n=16) | 23 (n=16) | 30 (n=16) | 19 (n=13) | 17 (n=9) | 21 (n=8) | 24 (n=8) | 25 (n=8) | 27 (n=8),,,,,manual_review_recommended
G8IA_new,G8IA,new_only_variable,有    1    →   G8Ia频率：,numeric,275,2881,7,1 ~ 7,,1 (n=100) | 2 (n=68) | 7 (n=50) | 3 (n=27) | 5 (n=20) | 4 (n=7) | 6 (n=3),,,,,manual_review_recommended
G8IB_new,G8IB,new_only_variable,天/周  →   G8Ib时间：,numeric,273,2883,32,1 ~ 600,,30 (n=54) | 15 (n=52) | 60 (n=35) | 10 (n=25) | 20 (n=20) | 5 (n=16) | 120 (n=15) | 2 (n=5) | 6 (n=5) | 90 (n=5),,,,,manual_review_recommended
G8IC_new,G8IC,new_only_variable,岁开始接触 →  G8Icc接触多少年？,numeric,268,2888,48,1 ~ 53,,10 (n=34) | 5 (n=30) | 2 (n=23) | 20 (n=16) | 3 (n=16) | 30 (n=16) | 4 (n=13) | 6 (n=12) | 1 (n=10) | 15 (n=10),,,,,manual_review_recommended
G8ID_new,G8ID,new_only_variable,分钟/天 →G8Idd从,numeric,143,3013,47,0 ~ 61,,20 (n=12) | 30 (n=11) | 50 (n=11) | 25 (n=8) | 35 (n=7) | 40 (n=7) | 18 (n=6) | 24 (n=5) | 45 (n=5) | 17 (n=4),,,,,manual_review_recommended
G9,G9,merged_variable,G9 您在家里有接触其他人吸烟的烟雾吗：1=有；2=无,numeric,2307,849,3,0 ~ 2,1=有 | 2=无,2 (n=1495) | 1 (n=810) | 0 (n=2),,,,,manual_review_recommended
G9A,G9A,merged_variable,有    1    →    G9a频率：,numeric,792,2364,7,1 ~ 7,,7 (n=692) | 1 (n=26) | 2 (n=25) | 3 (n=19) | 5 (n=13) | 4 (n=12) | 6 (n=5),,,,,manual_review_recommended
G9B,G9B,merged_variable,天/周        →    G9b时间：,numeric,769,2387,37,0 ~ 500,,30 (n=225) | 15 (n=217) | 60 (n=88) | 20 (n=70) | 120 (n=42) | 10 (n=32) | 180 (n=16) | 40 (n=9) | 5 (n=9) | 100 (n=7),,,,,manual_review_recommended
G9C_new,G9C,new_only_variable,分钟/天    →    G9cc接触多少年？,numeric,299,2857,55,1 ~ 65,,20 (n=40) | 30 (n=26) | 10 (n=19) | 25 (n=17) | 15 (n=16) | 18 (n=11) | 40 (n=11) | 12 (n=7) | 17 (n=7) | 23 (n=7),,,,,manual_review_recommended
G9FA_new,G9FA,new_only_variable,有    1    →  G9Fa频率：,numeric,259,2897,7,1 ~ 7,,7 (n=230) | 3 (n=8) | 1 (n=6) | 2 (n=6) | 5 (n=5) | 4 (n=3) | 6 (n=1),,,,,manual_review_recommended
G9FB_new,G9FB,new_only_variable,天/周 →   G9Fb时间：,numeric,257,2899,39,1 ~ 540,,30 (n=42) | 15 (n=33) | 10 (n=28) | 5 (n=27) | 60 (n=18) | 12 (n=14) | 120 (n=13) | 20 (n=12) | 6 (n=11) | 180 (n=10),,,,,manual_review_recommended
G9FC_new,G9FC,new_only_variable,岁开始接触  →  G9Fcc接触多少年？,numeric,253,2903,48,0.5 ~ 57,,20 (n=18) | 10 (n=14) | 30 (n=12) | 18 (n=11) | 25 (n=11) | 11 (n=9) | 21 (n=9) | 22 (n=9) | 3 (n=9) | 12 (n=8),,,,,manual_review_recommended
G9FD_new,G9FD,new_only_variable,分钟/天 →G9Fdd从,numeric,248,2908,30,18 ~ 55,,23 (n=29) | 26 (n=27) | 24 (n=25) | 28 (n=23) | 25 (n=21) | 27 (n=19) | 20 (n=16) | 21 (n=14) | 22 (n=13) | 29 (n=13),,,,,manual_review_recommended
G9IA_new,G9IA,new_only_variable,有    1    →   G9Ia频率：,numeric,259,2897,7,1 ~ 7,,7 (n=229) | 1 (n=9) | 2 (n=6) | 4 (n=6) | 5 (n=5) | 3 (n=2) | 6 (n=2),,,,,manual_review_recommended
G9IB_new,G9IB,new_only_variable,天/周  →   G9Ib时间：,numeric,256,2900,24,2 ~ 210,,10 (n=38) | 15 (n=34) | 5 (n=32) | 30 (n=29) | 12 (n=21) | 9 (n=21) | 20 (n=18) | 60 (n=15) | 6 (n=12) | 120 (n=8),,,,,manual_review_recommended
G9IC_new,G9IC,new_only_variable,岁开始接触 →  G9Icc接触多少年？,numeric,261,2895,33,2 ~ 41,,16 (n=32) | 20 (n=30) | 23 (n=21) | 18 (n=19) | 24 (n=18) | 26 (n=17) | 25 (n=16) | 22 (n=13) | 19 (n=10) | 17 (n=9),,,,,manual_review_recommended
G9ID_new,G9ID,new_only_variable,分钟/天 →G9Idd从,numeric,259,2897,14,0 ~ 26,,0 (n=219) | 1 (n=20) | 6 (n=3) | 13 (n=2) | 14 (n=2) | 20 (n=2) | 22 (n=2) | 7 (n=2) | 9 (n=2) | 10 (n=1),,,,,manual_review_recommended
H1A2_new,H1A2,new_only_variable,H1A2   2代码,numeric,1293,1863,13,1 ~ 13,,3 (n=259) | 13 (n=215) | 4 (n=204) | 5 (n=156) | 6 (n=132) | 9 (n=132) | 7 (n=66) | 10 (n=62) | 2 (n=31) | 1 (n=29),,,,,manual_review_recommended
H1B2_new,H1B2,new_only_variable,H1B2   2代码,numeric,690,2466,11,1 ~ 13,,6 (n=189) | 5 (n=135) | 3 (n=117) | 7 (n=78) | 4 (n=61) | 13 (n=45) | 9 (n=35) | 2 (n=17) | 1 (n=11) | 10 (n=1) | 12 (n=1),,,,,manual_review_recommended
H1C2_new,H1C2,new_only_variable,H1C2   2代码,numeric,226,2930,10,1 ~ 13,,6 (n=75) | 7 (n=44) | 5 (n=39) | 3 (n=32) | 4 (n=12) | 13 (n=9) | 9 (n=9) | 2 (n=4) | 1 (n=1) | 12 (n=1),,,,,manual_review_recommended
H1D2_new,H1D2,new_only_variable,H1D2   2代码,numeric,50,3106,8,1 ~ 13,,7 (n=19) | 5 (n=9) | 6 (n=8) | 3 (n=5) | 4 (n=4) | 13 (n=3) | 1 (n=1) | 9 (n=1),,,,,manual_review_recommended
H1E2_new,H1E2,new_only_variable,H1E2   2代码,numeric,3,3153,2,5 ~ 6,,6 (n=2) | 5 (n=1),,,,,manual_review_recommended
H6A,H6A,merged_variable,H6A    您从事的工作体力强度属于：代码：,numeric,2595,561,5,1 ~ 6,,3 (n=1208) | 4 (n=827) | 2 (n=431) | 1 (n=128) | 6 (n=1),,,,,manual_review_recommended
H6B,H6B,merged_variable,H6B    您从事的工作体力强度属于：代码：,numeric,1235,1921,5,1 ~ 5,,3 (n=556) | 4 (n=301) | 2 (n=278) | 1 (n=99) | 5 (n=1),,,,,manual_review_recommended
H6C,H6C,merged_variable,H6C    您从事的工作体力强度属于：代码：,numeric,363,2793,4,1 ~ 4,,3 (n=171) | 2 (n=81) | 1 (n=58) | 4 (n=53),,,,,manual_review_recommended
H6D,H6D,merged_variable,H6D    您从事的工作体力强度属于：代码：,numeric,74,3082,4,1 ~ 4,,3 (n=22) | 2 (n=19) | 1 (n=18) | 4 (n=15),,,,,manual_review_recommended
H6E_new,H6E,new_only_variable,H6E    您从事的工作体力强度属于：代码：,numeric,3,3153,2,2 ~ 3,,3 (n=2) | 2 (n=1),,,,,manual_review_recommended
I2A1,I2A1,merged_variable,I2A1代码,numeric,766,2390,18,1 ~ 18,,1 (n=280) | 2 (n=186) | 5 (n=55) | 3 (n=52) | 6 (n=36) | 4 (n=30) | 13 (n=24) | 14 (n=18) | 15 (n=18) | 10 (n=16),,,,,manual_review_recommended
I2A2,I2A2,merged_variable,I2A2代码,numeric,161,2995,16,1 ~ 17,,2 (n=33) | 5 (n=17) | 3 (n=16) | 1 (n=15) | 13 (n=15) | 15 (n=13) | 16 (n=13) | 6 (n=9) | 12 (n=7) | 14 (n=7),,,,,manual_review_recommended
I2A3,I2A3,merged_variable,I2A3代码,numeric,31,3125,11,1 ~ 16,,10 (n=6) | 16 (n=5) | 13 (n=3) | 14 (n=3) | 15 (n=3) | 3 (n=3) | 6 (n=3) | 4 (n=2) | 1 (n=1) | 11 (n=1) | 2 (n=1),,,,,manual_review_recommended
I2A4,I2A4,merged_variable,I2A4代码,numeric,4,3152,4,3 ~ 14,,13 (n=1) | 14 (n=1) | 3 (n=1) | 5 (n=1),,,,,manual_review_recommended
ID,ID,merged_variable,ID,character,3128,28,3128,,,01-A01 (n=1) | 01-A02 (n=1) | 01-A04 (n=1) | 01-A05 (n=1) | 01-A06 (n=1) | 01-A07 (n=1) | 01-A08 (n=1) | 01-A09 (n=1) | 01-A10 (n=1) | 01-A11 (n=1),,,,,manual_review_recommended
K17UNIT,K17UNIT,merged_variable,K17UNIT,character,307,2849,12,,,ng/ml (n=221) | ug/ml (n=28) | ug/L (n=25) | μg/L (n=22) | ug/l (n=3) | ng/m (n=2) | lg/l (n=1) | mg/ml (n=1) | mIu/ml (n=1) | ng/L (n=1) | uh/ml (n=1) | vg/m (n=1),,,,,manual_review_recommended
K18UNIT,K18UNIT,merged_variable,K18UNIT,character,281,2875,2,,,U/ml (n=280) | u/ml (n=1),,,,,manual_review_recommended
K19UNIT,K19UNIT,merged_variable,K19UNIT,character,279,2877,3,,,U/ml (n=277) | u/L (n=1) | ug/L (n=1),,,,,manual_review_recommended
K22B,K22B,merged_variable,K22B,numeric,2066,1090,5,0 ~ 8,,1 (n=1542) | 2 (n=503) | 0 (n=15) | 8 (n=5) | 4 (n=1),,,,,manual_review_recommended
K23A1,K23A1,merged_variable,K23a1.T,character,1484,1672,15,,,2 (n=716) | 1 (n=508) | 3 (n=99) | x (n=66) | 4 (n=56) | is (n=17) | 1c (n=6) | 1a (n=4) | 1b (n=3) | 1mic (n=3),,,,,manual_review_recommended
K23B1,K23B1,merged_variable,K23b1.N,character,1479,1677,9,,,0 (n=833) | 1 (n=389) | 2 (n=138) | 3 (n=88) | x (n=24) | X (n=3) | ？ (n=2) | mr (n=1) | 有 (n=1),,,,,manual_review_recommended
K23C1,K23C1,merged_variable,K23c1.M,character,1483,1673,5,,,0 (n=1431) | 1 (n=45) | x (n=5) | ？ (n=1) | 2 (n=1),,,,,manual_review_recommended
MARITALSTATUS,MARITALSTATUS,merged_variable,婚姻状态：1=未婚；2=已婚或同居；3=离异、丧偶或分局；9=不详,numeric,3156,0,4,1 ~ 9,1=未婚 | 2=已婚或同居 | 3=离异、丧偶或分局 | 9=不详,2 (n=2736) | 3 (n=199) | 1 (n=126) | 9 (n=95),,,,,manual_review_recommended
MENARCHE_group,MENARCHE_group,merged_variable,初潮年龄分组：1≤12；2＞12；9=不详,numeric,3156,0,3,1 ~ 9,9=不详,2 (n=2629) | 1 (n=427) | 9 (n=100),,,,,manual_review_recommended
Menopause,Menopause,merged_variable,绝经状态：1=未绝经；2=已绝经；9=不详,numeric,3156,0,3,1 ~ 9,1=未绝经 | 2=已绝经 | 9=不详,1 (n=1792) | 2 (n=1308) | 9 (n=56),,,,,manual_review_recommended
Parity,Parity,merged_variable,活产数：1=0；2≥1；9=不详,numeric,3156,0,3,1 ~ 9,1=0 | 9=不详,2 (n=2845) | 1 (n=242) | 9 (n=69),,,,,manual_review_recommended
Plate,Plate,merged_variable,Plate,character,15,3141,7,,,GBCS-4 (n=5) | GBCS-5 (n=3) | GBCS-11 (n=2) | GBCS-6 (n=2) | GBCS-12 (n=1) | GBCS-2 (n=1) | GBCS-3 (n=1),,,,,manual_review_recommended
QC,QC,merged_variable,QC,character,1,3155,1,,,Q24 (n=1),,,,,manual_review_recommended
activity,activity,merged_variable,activity,numeric,3156,0,3,1 ~ 9,,1 (n=1517) | 2 (n=1422) | 9 (n=217),,,,,manual_review_recommended
re_BMI,re_BMI,merged_variable,BMI:1:<22; 2:22~; 3:25~; 9=不详,numeric,3156,0,5,1 ~ 9,1=<22 | 2=22~ | 3=25~ | 9=不详,1 (n=1326) | 2 (n=974) | 3 (n=732) | 4 (n=100) | 9 (n=24),,,,,manual_review_recommended
rs10216653,rs10216653,merged_variable,rs10216653,character,3067,89,3,,,C (n=1576) | GC (n=1243) | G (n=248),,,,,manual_review_recommended
rs1048971,rs1048971,merged_variable,rs1048971,character,3061,95,3,,,G (n=2039) | GA (n=898) | A (n=124),,,,,manual_review_recommended
rs1052536,rs1052536,merged_variable,rs1052536,character,3052,104,3,,,C (n=1456) | CT (n=1274) | T (n=322),,,,,manual_review_recommended
rs1061217,rs1061217,merged_variable,rs1061217,character,2988,168,3,,,C (n=1516) | CT (n=1219) | T (n=253),,,,,manual_review_recommended
rs1075496,rs1075496,merged_variable,rs1075496,character,3030,126,3,,,G (n=1903) | GT (n=997) | T (n=130),,,,,manual_review_recommended
rs10989563,rs10989563,merged_variable,rs10989563,character,3068,88,3,,,C (n=2874) | CT (n=188) | T (n=6),,,,,manual_review_recommended
rs11078676,rs11078676,merged_variable,rs11078676,character,3052,104,3,,,G (n=1649) | GA (n=1182) | A (n=221),,,,,manual_review_recommended
rs11523871,rs11523871,merged_variable,rs11523871,character,2976,180,3,,,A (n=1257) | C (n=1251) | CA (n=468),,,,,manual_review_recommended
rs11658877,rs11658877,merged_variable,rs11658877,character,3059,97,3,,,C (n=2120) | T (n=878) | TC (n=61),,,,,manual_review_recommended
rs12380505,rs12380505,merged_variable,rs12380505,character,3073,83,3,,,G (n=1763) | GA (n=1128) | A (n=182),,,,,manual_review_recommended
rs1290005,rs1290005,merged_variable,rs1290005,character,3063,93,3,,,TC (n=1495) | C (n=830) | T (n=738),,,,,manual_review_recommended
rs14192,rs14192,merged_variable,rs14192,character,3058,98,3,,,T (n=2438) | CT (n=569) | C (n=51),,,,,manual_review_recommended
rs17102086,rs17102086,merged_variable,rs17102086,character,3041,115,3,,,TC (n=1498) | T (n=934) | C (n=609),,,,,manual_review_recommended
rs1711418,rs1711418,merged_variable,rs1711418,character,3045,111,3,,,CT (n=1500) | C (n=866) | T (n=679),,,,,manual_review_recommended
rs1800796,rs1800796,merged_variable,rs1800796,character,3054,102,3,,,C (n=1861) | CG (n=1021) | G (n=172),,,,,manual_review_recommended
rs2273534,rs2273534,merged_variable,rs2273534,character,3013,143,3,,,TC (n=1512) | C (n=753) | T (n=748),,,,,manual_review_recommended
rs2292179,rs2292179,merged_variable,rs2292179,character,2995,161,3,,,A (n=1884) | GA (n=962) | G (n=149),,,,,manual_review_recommended
rs2366625,rs2366625,merged_variable,rs2366625,character,3079,77,3,,,G (n=2396) | CG (n=638) | C (n=45),,,,,manual_review_recommended
rs2484173,rs2484173,merged_variable,rs2484173,character,3070,86,3,,,A (n=2623) | G (n=388) | GA (n=59),,,,,manual_review_recommended
rs2516049,rs2516049,merged_variable,rs2516049,character,3065,91,3,,,A (n=2394) | GA (n=603) | G (n=68),,,,,manual_review_recommended
rs2591592,rs2591592,merged_variable,rs2591592,character,3058,98,3,,,T (n=1572) | AT (n=1249) | A (n=237),,,,,manual_review_recommended
rs2605039,rs2605039,merged_variable,rs2605039,character,3040,116,3,,,GT (n=1516) | G (n=858) | T (n=666),,,,,manual_review_recommended
rs2854275,rs2854275,merged_variable,rs2854275,character,3034,122,3,,,G (n=2856) | T (n=93) | GT (n=85),,,,,manual_review_recommended
rs3751812,rs3751812,merged_variable,rs3751812,character,3060,96,3,,,G (n=2381) | GT (n=636) | T (n=43),,,,,manual_review_recommended
rs3768984,rs3768984,merged_variable,rs3768984,character,3043,113,3,,,A (n=1452) | CA (n=1279) | C (n=312),,,,,manual_review_recommended
rs3816358,rs3816358,merged_variable,rs3816358,character,3051,105,3,,,G (n=2170) | GT (n=790) | T (n=91),,,,,manual_review_recommended
rs3845744,rs3845744,merged_variable,rs3845744,character,3066,90,3,,,A (n=1966) | GA (n=976) | G (n=124),,,,,manual_review_recommended
rs6829064,rs6829064,merged_variable,rs6829064,character,2868,288,3,,,AG (n=1340) | G (n=1148) | A (n=380),,,,,manual_review_recommended
rs8109631,rs8109631,merged_variable,rs8109631,character,3049,107,3,,,AG (n=1405) | G (n=1225) | A (n=419),,,,,manual_review_recommended
rs911157,rs911157,merged_variable,rs911157,character,3069,87,3,,,C (n=2811) | CT (n=250) | T (n=8),,,,,manual_review_recommended
